{
    "mcatnlo": {
        "0jet": {
            "weight": [
                1.1102091670036316, 
                1.1004668474197388, 
                1.0809822082519531, 
                1.0644967555999756, 
                1.0603982210159302, 
                1.0033400058746338, 
                1.020204782485962, 
                0.9939767122268677, 
                0.983435869216919, 
                0.9528084397315979, 
                0.9367648959159851, 
                0.9255462288856506, 
                1.0360904932022095, 
                1.2243611812591553, 
                1.5418641567230225, 
                1.0316118001937866, 
                1.16520357131958, 
                0.412837415933609
            ], 
            "pt": [
                0, 
                2.5, 
                7.5, 
                12.5, 
                17.5, 
                22.5, 
                27.5, 
                32.5, 
                37.5, 
                42.5, 
                47.5, 
                55.0, 
                65.0, 
                75.0, 
                85.0, 
                95.0, 
                110.0, 
                125.0
            ]
        }, 
        "1jet": {
            "weight": [
                1.6389611959457397, 
                1.48534095287323, 
                1.1781004667282104, 
                1.042752742767334, 
                1.0038697719573975, 
                0.9261487722396851, 
                0.9711737632751465, 
                0.9393534064292908, 
                1.0191065073013306, 
                1.0077297687530518, 
                0.9807339310646057, 
                1.0283550024032593, 
                0.9683718085289001, 
                0.9974258542060852, 
                0.9643990993499756, 
                0.8599025011062622, 
                0.8728910088539124, 
                0.8615314960479736, 
                0.6304773688316345, 
                0.6609910130500793, 
                0.6501772403717041, 
                0.32563650608062744, 
                0.26728951930999756
            ], 
            "pt": [
                0, 
                5.0, 
                15.0, 
                22.5, 
                27.5, 
                32.5, 
                37.5, 
                42.5, 
                47.5, 
                55.0, 
                65.0, 
                75.0, 
                85.0, 
                95.0, 
                112.5, 
                140.0, 
                170.0, 
                202.5, 
                240.0, 
                280.0, 
                350.0, 
                450.0, 
                625.0
            ]
        }, 
        "2jet": {
            "weight": [
                1.2835270762443542, 
                1.1000850200653076, 
                0.7332009077072144, 
                0.9249057769775391, 
                1.0146111249923706, 
                0.9610930681228638, 
                0.8914020657539368, 
                0.9031146168708801, 
                1.0496035814285278, 
                1.026634931564331, 
                1.1087541580200195, 
                1.0229240655899048, 
                0.9287842512130737, 
                0.9549404978752136, 
                0.7924166321754456, 
                0.9664446711540222, 
                0.7558229565620422, 
                0.6793980002403259, 
                0.6778137683868408, 
                0.8687760233879089, 
                0.5923635363578796, 
                0.7131251692771912, 
                0.4260953664779663, 
                0.5557494163513184, 
                0.4690047800540924, 
                0.4477560520172119, 
                0.10126665234565735, 
                0.09055490046739578
            ], 
            "pt": [
                0, 
                5.0, 
                15.0, 
                25.0, 
                35.0, 
                42.5, 
                47.5, 
                55.0, 
                65.0, 
                75.0, 
                85.0, 
                95.0, 
                105.0, 
                117.5, 
                132.5, 
                147.5, 
                162.5, 
                177.5, 
                192.5, 
                210.0, 
                230.0, 
                250.0, 
                270.0, 
                290.0, 
                350.0, 
                450.0, 
                550.0, 
                800.0
            ]
        }, 
        "3jet": {
            "weight": [
                0.6818417608737946, 
                0.873019278049469, 
                1.2553743124008179, 
                1.228367805480957, 
                1.068554401397705, 
                1.0003045797348022, 
                1.1480950117111206, 
                0.9240480065345764, 
                0.9925967454910278, 
                0.9813128709793091, 
                1.1545108556747437, 
                0.801834225654602, 
                0.826156735420227, 
                0.959123432636261, 
                0.6049442291259766, 
                0.7919684648513794, 
                0.8229759335517883, 
                0.721238374710083, 
                0.7263160347938538, 
                0.5335561037063599, 
                0.6662794351577759, 
                0.5892177224159241, 
                0.5295776128768921, 
                0.5741975903511047, 
                0.44784462451934814, 
                0.501164972782135, 
                0.5204215049743652, 
                0.2367425411939621, 
                0.22521546483039856, 
                0.07303361594676971, 
                0.2396051287651062, 
                0.0
            ], 
            "pt": [
                0, 
                5.0, 
                15.0, 
                25.0, 
                35.0, 
                42.5, 
                47.5, 
                55.0, 
                65.0, 
                75.0, 
                85.0, 
                95.0, 
                105.0, 
                117.5, 
                132.5, 
                147.5, 
                162.5, 
                177.5, 
                192.5, 
                210.0, 
                230.0, 
                250.0, 
                270.0, 
                290.0, 
                325.0, 
                375.0, 
                425.0, 
                475.0, 
                550.0, 
                650.0, 
                775.0, 
                925.0
            ]
        }
    }, 
    "powheg": {
        "0jet": {
            "weight": [
                1.245427668094635, 
                1.1658884286880493, 
                1.006809949874878, 
                0.9281306862831116, 
                0.9306548237800598, 
                0.8971056342124939, 
                0.9189392924308777, 
                0.9419706463813782, 
                0.9572471976280212, 
                0.9615933895111084, 
                1.0141770839691162, 
                0.9375, 
                1.047379732131958, 
                1.1114500761032104, 
                1.1284558773040771, 
                0.6185693144798279, 
                1.2326494455337524, 
                4.512904167175293
            ], 
            "pt": [
                0, 
                2.5, 
                7.5, 
                12.5, 
                17.5, 
                22.5, 
                27.5, 
                32.5, 
                37.5, 
                42.5, 
                47.5, 
                55.0, 
                65.0, 
                75.0, 
                85.0, 
                95.0, 
                110.0, 
                125.0
            ]
        },